event.uuid,event.classification,event.tlp,event.special_france,event.title.desensitized,event.reliability,event.description,event.date,event.apts,event.metadata,signature.uuid,signature.type,signature.description,signature.value,signature_component.uuid,signature_component.tlp,signature_component.type,signature_component.reliability,signature_component.metadata,signature_component.value,signature_component.description
6181159d-d7e0-422f-b7f5-26cc0abe1822,NON-CLASSIFIEES,white,FALSE,[DZ-CERT] Campagnes d'hameçonnage du mode opératoire d'attaquants Nobelium,Bonne,Infrastructure de Commande et de Contrôle,02/11/2021,,"fr-classif:non-classifiees=""NON-CLASSIFIEES"", cossi:TLP=""white"", cossi:RechercheSourceOuverte=""Autorisee"", cossi:fiabilite=""Bonne""",e63dbf73-7e56-468a-a702-cdb01990440d,comment,,01/08/2020,e63dbf73-7e56-468a-a702-cdb01990440d,white,comment,Bonne,"cossi:relevantTimespan=""from""",01/08/2020,
6181159d-d7e0-422f-b7f5-26cc0abe1822,NON-CLASSIFIEES,white,FALSE,[DZ-CERT] Campagnes d'hameçonnage du mode opératoire d'attaquants Nobelium,Bonne,Infrastructure de Commande et de Contrôle,02/11/2021,,"fr-classif:non-classifiees=""NON-CLASSIFIEES"", cossi:TLP=""white"", cossi:RechercheSourceOuverte=""Autorisee"", cossi:fiabilite=""Bonne""",e3f3284a-e6fa-4020-9a45-44f31f828deb,domain-ip,,,ff92d0f2-28cc-4277-bb6d-1cdc5c2f7315,white,datetime,Bonne,,01/10/2020,
6181159d-d7e0-422f-b7f5-26cc0abe1822,NON-CLASSIFIEES,white,FALSE,[DZ-CERT] Campagnes d'hameçonnage du mode opératoire d'attaquants Nobelium,Bonne,Infrastructure de Commande et de Contrôle,02/11/2021,,"fr-classif:non-classifiees=""NON-CLASSIFIEES"", cossi:TLP=""white"", cossi:RechercheSourceOuverte=""Autorisee"", cossi:fiabilite=""Bonne""",e3f3284a-e6fa-4020-9a45-44f31f828deb,domain-ip,,,f2aa70f1-8c6a-4968-a3da-4bdb36fbc6a1,white,datetime,Bonne,,01/12/2020,
6181159d-d7e0-422f-b7f5-26cc0abe1822,NON-CLASSIFIEES,white,FALSE,[DZ-CERT] Campagnes d'hameçonnage du mode opératoire d'attaquants Nobelium,Bonne,Infrastructure de Commande et de Contrôle,02/11/2021,,"fr-classif:non-classifiees=""NON-CLASSIFIEES"", cossi:TLP=""white"", cossi:RechercheSourceOuverte=""Autorisee"", cossi:fiabilite=""Bonne""",e3f3284a-e6fa-4020-9a45-44f31f828deb,domain-ip,,,8ed8b9a2-f95e-47f2-b4ad-1739dd5939f7,white,ip-dst,Bonne,"kill-chain:Command and Control, kill-chain:Delivery",45.179.89.37,
6181159d-d7e0-422f-b7f5-26cc0abe1822,NON-CLASSIFIEES,white,FALSE,[DZ-CERT] Campagnes d'hameçonnage du mode opératoire d'attaquants Nobelium,Bonne,Infrastructure de Commande et de Contrôle,02/11/2021,,"fr-classif:non-classifiees=""NON-CLASSIFIEES"", cossi:TLP=""white"", cossi:RechercheSourceOuverte=""Autorisee"", cossi:fiabilite=""Bonne""",e3f3284a-e6fa-4020-9a45-44f31f828deb,domain-ip,,,e8aa928b-30cc-4739-aa1d-f78364f618c7,white,domain,Bonne,"kill-chain:Command and Control, kill-chain:Delivery",hanproud.com,
6181159d-d7e0-422f-b7f5-26cc0abe1822,NON-CLASSIFIEES,white,FALSE,[DZ-CERT] Campagnes d'hameçonnage du mode opératoire d'attaquants Nobelium,Bonne,Infrastructure de Commande et de Contrôle,02/11/2021,,"fr-classif:non-classifiees=""NON-CLASSIFIEES"", cossi:TLP=""white"", cossi:RechercheSourceOuverte=""Autorisee"", cossi:fiabilite=""Bonne""",77ea36fb-8bba-464b-86e3-d245b9881abb,domain-ip,,,690bd55c-c8ea-4c69-aa23-1f664a42ae70,white,datetime,Bonne,,15/02/2021,
6181159d-d7e0-422f-b7f5-26cc0abe1822,NON-CLASSIFIEES,white,FALSE,[DZ-CERT] Campagnes d'hameçonnage du mode opératoire d'attaquants Nobelium,Bonne,Infrastructure de Commande et de Contrôle,02/11/2021,,"fr-classif:non-classifiees=""NON-CLASSIFIEES"", cossi:TLP=""white"", cossi:RechercheSourceOuverte=""Autorisee"", cossi:fiabilite=""Bonne""",77ea36fb-8bba-464b-86e3-d245b9881abb,domain-ip,,,74c06d8b-3d74-4cfa-b6cc-64b76260adf2,white,datetime,Bonne,,01/05/2021,
6181159d-d7e0-422f-b7f5-26cc0abe1822,NON-CLASSIFIEES,white,FALSE,[DZ-CERT] Campagnes d'hameçonnage du mode opératoire d'attaquants Nobelium,Bonne,Infrastructure de Commande et de Contrôle,02/11/2021,,"fr-classif:non-classifiees=""NON-CLASSIFIEES"", cossi:TLP=""white"", cossi:RechercheSourceOuverte=""Autorisee"", cossi:fiabilite=""Bonne""",77ea36fb-8bba-464b-86e3-d245b9881abb,domain-ip,,,f0816314-14bf-4349-84cf-272c9ba17443,white,ip-dst,Bonne,"kill-chain:Command and Control, kill-chain:Delivery",139.99.167.177,
6181159d-d7e0-422f-b7f5-26cc0abe1822,NON-CLASSIFIEES,white,FALSE,[DZ-CERT] Campagnes d'hameçonnage du mode opératoire d'attaquants Nobelium,Bonne,Infrastructure de Commande et de Contrôle,02/11/2021,,"fr-classif:non-classifiees=""NON-CLASSIFIEES"", cossi:TLP=""white"", cossi:RechercheSourceOuverte=""Autorisee"", cossi:fiabilite=""Bonne""",77ea36fb-8bba-464b-86e3-d245b9881abb,domain-ip,,,c1b560f2-4279-40dc-b847-80fc0cf7ef7e,white,domain,Bonne,"kill-chain:Command and Control, kill-chain:Delivery",cbdnewsandreviews.net,
6181159d-d7e0-422f-b7f5-26cc0abe1822,NON-CLASSIFIEES,white,FALSE,[DZ-CERT] Campagnes d'hameçonnage du mode opératoire d'attaquants Nobelium,Bonne,Infrastructure de Commande et de Contrôle,02/11/2021,,"fr-classif:non-classifiees=""NON-CLASSIFIEES"", cossi:TLP=""white"", cossi:RechercheSourceOuverte=""Autorisee"", cossi:fiabilite=""Bonne""",9df5a183-c151-48ad-aa4c-b7efa7a40163,domain-ip,,,c87fe1af-4133-4a8b-9fc9-a675fcf7c74c,white,datetime,Bonne,,15/02/2021,
6181159d-d7e0-422f-b7f5-26cc0abe1822,NON-CLASSIFIEES,white,FALSE,[DZ-CERT] Campagnes d'hameçonnage du mode opératoire d'attaquants Nobelium,Bonne,Infrastructure de Commande et de Contrôle,02/11/2021,,"fr-classif:non-classifiees=""NON-CLASSIFIEES"", cossi:TLP=""white"", cossi:RechercheSourceOuverte=""Autorisee"", cossi:fiabilite=""Bonne""",9df5a183-c151-48ad-aa4c-b7efa7a40163,domain-ip,,,7cf827d6-497d-46b2-92c8-2be3404d1bba,white,datetime,Bonne,,25/06/2021,
6181159d-d7e0-422f-b7f5-26cc0abe1822,NON-CLASSIFIEES,white,FALSE,[DZ-CERT] Campagnes d'hameçonnage du mode opératoire d'attaquants Nobelium,Bonne,Infrastructure de Commande et de Contrôle,02/11/2021,,"fr-classif:non-classifiees=""NON-CLASSIFIEES"", cossi:TLP=""white"", cossi:RechercheSourceOuverte=""Autorisee"", cossi:fiabilite=""Bonne""",9df5a183-c151-48ad-aa4c-b7efa7a40163,domain-ip,,,c436199c-57c8-4c6c-90cd-a1e269801892,white,ip-dst,Bonne,"kill-chain:Command and Control, kill-chain:Delivery",51.38.85.225,
6181159d-d7e0-422f-b7f5-26cc0abe1822,NON-CLASSIFIEES,white,FALSE,[DZ-CERT] Campagnes d'hameçonnage du mode opératoire d'attaquants Nobelium,Bonne,Infrastructure de Commande et de Contrôle,02/11/2021,,"fr-classif:non-classifiees=""NON-CLASSIFIEES"", cossi:TLP=""white"", cossi:RechercheSourceOuverte=""Autorisee"", cossi:fiabilite=""Bonne""",9df5a183-c151-48ad-aa4c-b7efa7a40163,domain-ip,,,9b485d25-f70a-4cde-b278-3f5d234620ea,white,domain,Bonne,"kill-chain:Command and Control, kill-chain:Delivery",cityloss.com,
6181159d-d7e0-422f-b7f5-26cc0abe1822,NON-CLASSIFIEES,white,FALSE,[DZ-CERT] Campagnes d'hameçonnage du mode opératoire d'attaquants Nobelium,Bonne,Infrastructure de Commande et de Contrôle,02/11/2021,,"fr-classif:non-classifiees=""NON-CLASSIFIEES"", cossi:TLP=""white"", cossi:RechercheSourceOuverte=""Autorisee"", cossi:fiabilite=""Bonne""",5329cc1e-65ca-4fe7-905c-ba0f82d62b73,domain-ip,,,91c1b8ec-d10d-4461-80ea-808c43137e33,white,datetime,Bonne,,01/03/2021,
6181159d-d7e0-422f-b7f5-26cc0abe1822,NON-CLASSIFIEES,white,FALSE,[DZ-CERT] Campagnes d'hameçonnage du mode opératoire d'attaquants Nobelium,Bonne,Infrastructure de Commande et de Contrôle,02/11/2021,,"fr-classif:non-classifiees=""NON-CLASSIFIEES"", cossi:TLP=""white"", cossi:RechercheSourceOuverte=""Autorisee"", cossi:fiabilite=""Bonne""",5329cc1e-65ca-4fe7-905c-ba0f82d62b73,domain-ip,,,eed05c91-6968-4916-ab09-9d428d09cda9,white,datetime,Bonne,,10/05/2021,
6181159d-d7e0-422f-b7f5-26cc0abe1822,NON-CLASSIFIEES,white,FALSE,[DZ-CERT] Campagnes d'hameçonnage du mode opératoire d'attaquants Nobelium,Bonne,Infrastructure de Commande et de Contrôle,02/11/2021,,"fr-classif:non-classifiees=""NON-CLASSIFIEES"", cossi:TLP=""white"", cossi:RechercheSourceOuverte=""Autorisee"", cossi:fiabilite=""Bonne""",5329cc1e-65ca-4fe7-905c-ba0f82d62b73,domain-ip,,,75f0061e-1d2a-42ff-8246-a3d40a0a97e2,white,ip-dst,Bonne,"kill-chain:Command and Control, kill-chain:Delivery",190.183.61.30,
6181159d-d7e0-422f-b7f5-26cc0abe1822,NON-CLASSIFIEES,white,FALSE,[DZ-CERT] Campagnes d'hameçonnage du mode opératoire d'attaquants Nobelium,Bonne,Infrastructure de Commande et de Contrôle,02/11/2021,,"fr-classif:non-classifiees=""NON-CLASSIFIEES"", cossi:TLP=""white"", cossi:RechercheSourceOuverte=""Autorisee"", cossi:fiabilite=""Bonne""",5329cc1e-65ca-4fe7-905c-ba0f82d62b73,domain-ip,,,d57170cc-9cd1-4ae6-b5e6-9599622aad2e,white,domain,Bonne,"kill-chain:Command and Control, kill-chain:Delivery",businesssalaries.com,
6181159d-d7e0-422f-b7f5-26cc0abe1822,NON-CLASSIFIEES,white,FALSE,[DZ-CERT] Campagnes d'hameçonnage du mode opératoire d'attaquants Nobelium,Bonne,Infrastructure de Commande et de Contrôle,02/11/2021,,"fr-classif:non-classifiees=""NON-CLASSIFIEES"", cossi:TLP=""white"", cossi:RechercheSourceOuverte=""Autorisee"", cossi:fiabilite=""Bonne""",fdda2a1a-3913-4258-a5df-2b3b5a3e8612,domain-ip,,,df6b4e21-7279-4eaf-b24b-fcc68e61f802,white,datetime,Bonne,,01/03/2021,
6181159d-d7e0-422f-b7f5-26cc0abe1822,NON-CLASSIFIEES,white,FALSE,[DZ-CERT] Campagnes d'hameçonnage du mode opératoire d'attaquants Nobelium,Bonne,Infrastructure de Commande et de Contrôle,02/11/2021,,"fr-classif:non-classifiees=""NON-CLASSIFIEES"", cossi:TLP=""white"", cossi:RechercheSourceOuverte=""Autorisee"", cossi:fiabilite=""Bonne""",fdda2a1a-3913-4258-a5df-2b3b5a3e8612,domain-ip,,,50a61e15-261d-4c30-8280-e3882782c082,white,datetime,Bonne,,01/04/2021,
6181159d-d7e0-422f-b7f5-26cc0abe1822,NON-CLASSIFIEES,white,FALSE,[DZ-CERT] Campagnes d'hameçonnage du mode opératoire d'attaquants Nobelium,Bonne,Infrastructure de Commande et de Contrôle,02/11/2021,,"fr-classif:non-classifiees=""NON-CLASSIFIEES"", cossi:TLP=""white"", cossi:RechercheSourceOuverte=""Autorisee"", cossi:fiabilite=""Bonne""",fdda2a1a-3913-4258-a5df-2b3b5a3e8612,domain-ip,,,e7024505-5c9c-4ca7-b706-f93ce8f9892f,white,ip-dst,Bonne,"kill-chain:Command and Control, kill-chain:Delivery",185.243.215.198,
6181159d-d7e0-422f-b7f5-26cc0abe1822,NON-CLASSIFIEES,white,FALSE,[DZ-CERT] Campagnes d'hameçonnage du mode opératoire d'attaquants Nobelium,Bonne,Infrastructure de Commande et de Contrôle,02/11/2021,,"fr-classif:non-classifiees=""NON-CLASSIFIEES"", cossi:TLP=""white"", cossi:RechercheSourceOuverte=""Autorisee"", cossi:fiabilite=""Bonne""",fdda2a1a-3913-4258-a5df-2b3b5a3e8612,domain-ip,,,ebad7ad4-0c35-4ecd-a45c-1c25e9acc758,white,domain,Bonne,"kill-chain:Command and Control, kill-chain:Delivery",trendignews.com,
6181159d-d7e0-422f-b7f5-26cc0abe1822,NON-CLASSIFIEES,white,FALSE,[DZ-CERT] Campagnes d'hameçonnage du mode opératoire d'attaquants Nobelium,Bonne,Infrastructure de Commande et de Contrôle,02/11/2021,,"fr-classif:non-classifiees=""NON-CLASSIFIEES"", cossi:TLP=""white"", cossi:RechercheSourceOuverte=""Autorisee"", cossi:fiabilite=""Bonne""",04bb451f-4c0d-470e-b697-dde549b833c5,domain-ip,,,5a9cfce0-c7e2-403e-9226-af0dd29ecc92,white,datetime,Bonne,,01/03/2021,
6181159d-d7e0-422f-b7f5-26cc0abe1822,NON-CLASSIFIEES,white,FALSE,[DZ-CERT] Campagnes d'hameçonnage du mode opératoire d'attaquants Nobelium,Bonne,Infrastructure de Commande et de Contrôle,02/11/2021,,"fr-classif:non-classifiees=""NON-CLASSIFIEES"", cossi:TLP=""white"", cossi:RechercheSourceOuverte=""Autorisee"", cossi:fiabilite=""Bonne""",04bb451f-4c0d-470e-b697-dde549b833c5,domain-ip,,,f3f12f81-d112-4825-ae12-3ff19431685a,white,datetime,Bonne,,01/09/2021,
6181159d-d7e0-422f-b7f5-26cc0abe1822,NON-CLASSIFIEES,white,FALSE,[DZ-CERT] Campagnes d'hameçonnage du mode opératoire d'attaquants Nobelium,Bonne,Infrastructure de Commande et de Contrôle,02/11/2021,,"fr-classif:non-classifiees=""NON-CLASSIFIEES"", cossi:TLP=""white"", cossi:RechercheSourceOuverte=""Autorisee"", cossi:fiabilite=""Bonne""",04bb451f-4c0d-470e-b697-dde549b833c5,domain-ip,,,13b29835-5a4c-4cb6-ac34-d45dabd7dbe5,white,ip-dst,Bonne,"kill-chain:Command and Control, kill-chain:Delivery",192.99.221.77,
6181159d-d7e0-422f-b7f5-26cc0abe1822,NON-CLASSIFIEES,white,FALSE,[DZ-CERT] Campagnes d'hameçonnage du mode opératoire d'attaquants Nobelium,Bonne,Infrastructure de Commande et de Contrôle,02/11/2021,,"fr-classif:non-classifiees=""NON-CLASSIFIEES"", cossi:TLP=""white"", cossi:RechercheSourceOuverte=""Autorisee"", cossi:fiabilite=""Bonne""",04bb451f-4c0d-470e-b697-dde549b833c5,domain-ip,,,293f3c11-2c9d-426f-96ec-119e851da0aa,white,domain,Bonne,"kill-chain:Command and Control, kill-chain:Delivery",worldhomeoutlet.com,
6181159d-d7e0-422f-b7f5-26cc0abe1822,NON-CLASSIFIEES,white,FALSE,[DZ-CERT] Campagnes d'hameçonnage du mode opératoire d'attaquants Nobelium,Bonne,Infrastructure de Commande et de Contrôle,02/11/2021,,"fr-classif:non-classifiees=""NON-CLASSIFIEES"", cossi:TLP=""white"", cossi:RechercheSourceOuverte=""Autorisee"", cossi:fiabilite=""Bonne""",a29c4b43-221e-4cf8-8f5c-30ea2b1681fc,domain-ip,,,a5a28b82-8fac-4af5-812c-e87c48a72021,white,datetime,Bonne,,01/03/2021,
6181159d-d7e0-422f-b7f5-26cc0abe1822,NON-CLASSIFIEES,white,FALSE,[DZ-CERT] Campagnes d'hameçonnage du mode opératoire d'attaquants Nobelium,Bonne,Infrastructure de Commande et de Contrôle,02/11/2021,,"fr-classif:non-classifiees=""NON-CLASSIFIEES"", cossi:TLP=""white"", cossi:RechercheSourceOuverte=""Autorisee"", cossi:fiabilite=""Bonne""",a29c4b43-221e-4cf8-8f5c-30ea2b1681fc,domain-ip,,,0a43ca51-bee5-47f8-bbe1-f18478fee1b4,white,datetime,Bonne,,25/04/2021,
6181159d-d7e0-422f-b7f5-26cc0abe1822,NON-CLASSIFIEES,white,FALSE,[DZ-CERT] Campagnes d'hameçonnage du mode opératoire d'attaquants Nobelium,Bonne,Infrastructure de Commande et de Contrôle,02/11/2021,,"fr-classif:non-classifiees=""NON-CLASSIFIEES"", cossi:TLP=""white"", cossi:RechercheSourceOuverte=""Autorisee"", cossi:fiabilite=""Bonne""",a29c4b43-221e-4cf8-8f5c-30ea2b1681fc,domain-ip,,,5bc978d9-ec4c-4007-9a36-d6c40953a5f7,white,ip-dst,Bonne,"kill-chain:Command and Control, kill-chain:Delivery",37.120.247.135,
6181159d-d7e0-422f-b7f5-26cc0abe1822,NON-CLASSIFIEES,white,FALSE,[DZ-CERT] Campagnes d'hameçonnage du mode opératoire d'attaquants Nobelium,Bonne,Infrastructure de Commande et de Contrôle,02/11/2021,,"fr-classif:non-classifiees=""NON-CLASSIFIEES"", cossi:TLP=""white"", cossi:RechercheSourceOuverte=""Autorisee"", cossi:fiabilite=""Bonne""",a29c4b43-221e-4cf8-8f5c-30ea2b1681fc,domain-ip,,,f403ffa1-bdbc-4ab4-9aa1-993a43210008,white,domain,Bonne,"kill-chain:Command and Control, kill-chain:Delivery",giftbox4u.com,
6181159d-d7e0-422f-b7f5-26cc0abe1822,NON-CLASSIFIEES,white,FALSE,[DZ-CERT] Campagnes d'hameçonnage du mode opératoire d'attaquants Nobelium,Bonne,Infrastructure de Commande et de Contrôle,02/11/2021,,"fr-classif:non-classifiees=""NON-CLASSIFIEES"", cossi:TLP=""white"", cossi:RechercheSourceOuverte=""Autorisee"", cossi:fiabilite=""Bonne""",f89ed523-59cb-4401-a433-b46bbe6867c6,domain-ip,,,ffc860ef-c16e-419d-9bcd-eed6981f3beb,white,datetime,Bonne,,25/03/2021,
6181159d-d7e0-422f-b7f5-26cc0abe1822,NON-CLASSIFIEES,white,FALSE,[DZ-CERT] Campagnes d'hameçonnage du mode opératoire d'attaquants Nobelium,Bonne,Infrastructure de Commande et de Contrôle,02/11/2021,,"fr-classif:non-classifiees=""NON-CLASSIFIEES"", cossi:TLP=""white"", cossi:RechercheSourceOuverte=""Autorisee"", cossi:fiabilite=""Bonne""",f89ed523-59cb-4401-a433-b46bbe6867c6,domain-ip,,,5740e050-cc5a-4632-9ff4-42502270184b,white,datetime,Bonne,,01/07/2021,
6181159d-d7e0-422f-b7f5-26cc0abe1822,NON-CLASSIFIEES,white,FALSE,[DZ-CERT] Campagnes d'hameçonnage du mode opératoire d'attaquants Nobelium,Bonne,Infrastructure de Commande et de Contrôle,02/11/2021,,"fr-classif:non-classifiees=""NON-CLASSIFIEES"", cossi:TLP=""white"", cossi:RechercheSourceOuverte=""Autorisee"", cossi:fiabilite=""Bonne""",f89ed523-59cb-4401-a433-b46bbe6867c6,domain-ip,,,e177e415-9059-4a3b-9e33-300776e4fcd7,white,ip-dst,Bonne,"kill-chain:Command and Control, kill-chain:Delivery",45.80.148.166,
6181159d-d7e0-422f-b7f5-26cc0abe1822,NON-CLASSIFIEES,white,FALSE,[DZ-CERT] Campagnes d'hameçonnage du mode opératoire d'attaquants Nobelium,Bonne,Infrastructure de Commande et de Contrôle,02/11/2021,,"fr-classif:non-classifiees=""NON-CLASSIFIEES"", cossi:TLP=""white"", cossi:RechercheSourceOuverte=""Autorisee"", cossi:fiabilite=""Bonne""",f89ed523-59cb-4401-a433-b46bbe6867c6,domain-ip,,,b419e4e1-6321-423f-9fbe-4359a5fe55f3,white,domain,Bonne,"kill-chain:Command and Control, kill-chain:Delivery",myexpertforum.com,
6181159d-d7e0-422f-b7f5-26cc0abe1822,NON-CLASSIFIEES,white,FALSE,[DZ-CERT] Campagnes d'hameçonnage du mode opératoire d'attaquants Nobelium,Bonne,Infrastructure de Commande et de Contrôle,02/11/2021,,"fr-classif:non-classifiees=""NON-CLASSIFIEES"", cossi:TLP=""white"", cossi:RechercheSourceOuverte=""Autorisee"", cossi:fiabilite=""Bonne""",397c3a84-cd04-43cf-b290-2d65d18e5a41,domain-ip,,,2aa132e5-7ca5-4573-aca1-5b36a2159c05,white,datetime,Bonne,,01/04/2021,
6181159d-d7e0-422f-b7f5-26cc0abe1822,NON-CLASSIFIEES,white,FALSE,[DZ-CERT] Campagnes d'hameçonnage du mode opératoire d'attaquants Nobelium,Bonne,Infrastructure de Commande et de Contrôle,02/11/2021,,"fr-classif:non-classifiees=""NON-CLASSIFIEES"", cossi:TLP=""white"", cossi:RechercheSourceOuverte=""Autorisee"", cossi:fiabilite=""Bonne""",397c3a84-cd04-43cf-b290-2d65d18e5a41,domain-ip,,,39e2e369-e203-4486-8e9d-2adca3660175,white,datetime,Bonne,,20/05/2021,
6181159d-d7e0-422f-b7f5-26cc0abe1822,NON-CLASSIFIEES,white,FALSE,[DZ-CERT] Campagnes d'hameçonnage du mode opératoire d'attaquants Nobelium,Bonne,Infrastructure de Commande et de Contrôle,02/11/2021,,"fr-classif:non-classifiees=""NON-CLASSIFIEES"", cossi:TLP=""white"", cossi:RechercheSourceOuverte=""Autorisee"", cossi:fiabilite=""Bonne""",397c3a84-cd04-43cf-b290-2d65d18e5a41,domain-ip,,,2e115bf3-be6e-44a5-b771-a32fd324ca45,white,ip-dst,Bonne,"kill-chain:Command and Control, kill-chain:Delivery",45.135.167.27,
6181159d-d7e0-422f-b7f5-26cc0abe1822,NON-CLASSIFIEES,white,FALSE,[DZ-CERT] Campagnes d'hameçonnage du mode opératoire d'attaquants Nobelium,Bonne,Infrastructure de Commande et de Contrôle,02/11/2021,,"fr-classif:non-classifiees=""NON-CLASSIFIEES"", cossi:TLP=""white"", cossi:RechercheSourceOuverte=""Autorisee"", cossi:fiabilite=""Bonne""",397c3a84-cd04-43cf-b290-2d65d18e5a41,domain-ip,,,10d2e608-9820-4af2-8029-45eedd7b3353,white,domain,Bonne,"kill-chain:Command and Control, kill-chain:Delivery",doggroomingnews.com,
6181159d-d7e0-422f-b7f5-26cc0abe1822,NON-CLASSIFIEES,white,FALSE,[DZ-CERT] Campagnes d'hameçonnage du mode opératoire d'attaquants Nobelium,Bonne,Infrastructure de Commande et de Contrôle,02/11/2021,,"fr-classif:non-classifiees=""NON-CLASSIFIEES"", cossi:TLP=""white"", cossi:RechercheSourceOuverte=""Autorisee"", cossi:fiabilite=""Bonne""",a5fc60c2-0ef1-4eaf-bfa8-862e886a6512,domain-ip,,,798cdbf4-ca73-4b67-8caf-17afc036f484,white,datetime,Bonne,,10/04/2021,
6181159d-d7e0-422f-b7f5-26cc0abe1822,NON-CLASSIFIEES,white,FALSE,[DZ-CERT] Campagnes d'hameçonnage du mode opératoire d'attaquants Nobelium,Bonne,Infrastructure de Commande et de Contrôle,02/11/2021,,"fr-classif:non-classifiees=""NON-CLASSIFIEES"", cossi:TLP=""white"", cossi:RechercheSourceOuverte=""Autorisee"", cossi:fiabilite=""Bonne""",a5fc60c2-0ef1-4eaf-bfa8-862e886a6512,domain-ip,,,29b16ead-28ef-4629-81c4-cbcb7544e5cb,white,datetime,Bonne,,15/09/2021,
6181159d-d7e0-422f-b7f5-26cc0abe1822,NON-CLASSIFIEES,white,FALSE,[DZ-CERT] Campagnes d'hameçonnage du mode opératoire d'attaquants Nobelium,Bonne,Infrastructure de Commande et de Contrôle,02/11/2021,,"fr-classif:non-classifiees=""NON-CLASSIFIEES"", cossi:TLP=""white"", cossi:RechercheSourceOuverte=""Autorisee"", cossi:fiabilite=""Bonne""",a5fc60c2-0ef1-4eaf-bfa8-862e886a6512,domain-ip,,,b71497f5-297c-4897-a72f-67d24e450db4,white,ip-dst,Bonne,"kill-chain:Command and Control, kill-chain:Delivery",188.68.250.182,
6181159d-d7e0-422f-b7f5-26cc0abe1822,NON-CLASSIFIEES,white,FALSE,[DZ-CERT] Campagnes d'hameçonnage du mode opératoire d'attaquants Nobelium,Bonne,Infrastructure de Commande et de Contrôle,02/11/2021,,"fr-classif:non-classifiees=""NON-CLASSIFIEES"", cossi:TLP=""white"", cossi:RechercheSourceOuverte=""Autorisee"", cossi:fiabilite=""Bonne""",a5fc60c2-0ef1-4eaf-bfa8-862e886a6512,domain-ip,,,c2c0ac1b-8cfc-407b-a566-bcc48dc5796a,white,domain,Bonne,"kill-chain:Command and Control, kill-chain:Delivery",alifemap.com,
6181159d-d7e0-422f-b7f5-26cc0abe1822,NON-CLASSIFIEES,white,FALSE,[DZ-CERT] Campagnes d'hameçonnage du mode opératoire d'attaquants Nobelium,Bonne,Infrastructure de Commande et de Contrôle,02/11/2021,,"fr-classif:non-classifiees=""NON-CLASSIFIEES"", cossi:TLP=""white"", cossi:RechercheSourceOuverte=""Autorisee"", cossi:fiabilite=""Bonne""",23a3b255-c0f2-4d5c-aee2-e1dd94d8fcdc,domain-ip,,,0ff95223-50c9-4215-ba43-cde0b08c728f,white,datetime,Bonne,,15/04/2021,
6181159d-d7e0-422f-b7f5-26cc0abe1822,NON-CLASSIFIEES,white,FALSE,[DZ-CERT] Campagnes d'hameçonnage du mode opératoire d'attaquants Nobelium,Bonne,Infrastructure de Commande et de Contrôle,02/11/2021,,"fr-classif:non-classifiees=""NON-CLASSIFIEES"", cossi:TLP=""white"", cossi:RechercheSourceOuverte=""Autorisee"", cossi:fiabilite=""Bonne""",23a3b255-c0f2-4d5c-aee2-e1dd94d8fcdc,domain-ip,,,57e1fdb5-5169-4228-8be5-96c2e3eb5d3b,white,datetime,Bonne,,25/06/2021,
6181159d-d7e0-422f-b7f5-26cc0abe1822,NON-CLASSIFIEES,white,FALSE,[DZ-CERT] Campagnes d'hameçonnage du mode opératoire d'attaquants Nobelium,Bonne,Infrastructure de Commande et de Contrôle,02/11/2021,,"fr-classif:non-classifiees=""NON-CLASSIFIEES"", cossi:TLP=""white"", cossi:RechercheSourceOuverte=""Autorisee"", cossi:fiabilite=""Bonne""",23a3b255-c0f2-4d5c-aee2-e1dd94d8fcdc,domain-ip,,,ef750cc0-dcc9-4551-9465-b1193daa7cb1,white,ip-dst,Bonne,"kill-chain:Command and Control, kill-chain:Delivery",54.38.137.218,
6181159d-d7e0-422f-b7f5-26cc0abe1822,NON-CLASSIFIEES,white,FALSE,[DZ-CERT] Campagnes d'hameçonnage du mode opératoire d'attaquants Nobelium,Bonne,Infrastructure de Commande et de Contrôle,02/11/2021,,"fr-classif:non-classifiees=""NON-CLASSIFIEES"", cossi:TLP=""white"", cossi:RechercheSourceOuverte=""Autorisee"", cossi:fiabilite=""Bonne""",23a3b255-c0f2-4d5c-aee2-e1dd94d8fcdc,domain-ip,,,5b936046-31eb-4354-a05d-c2709faa8a7b,white,domain,Bonne,"kill-chain:Command and Control, kill-chain:Delivery",enpport.com,
6181159d-d7e0-422f-b7f5-26cc0abe1822,NON-CLASSIFIEES,white,FALSE,[DZ-CERT] Campagnes d'hameçonnage du mode opératoire d'attaquants Nobelium,Bonne,Infrastructure de Commande et de Contrôle,02/11/2021,,"fr-classif:non-classifiees=""NON-CLASSIFIEES"", cossi:TLP=""white"", cossi:RechercheSourceOuverte=""Autorisee"", cossi:fiabilite=""Bonne""",7d667263-5619-48f0-8c67-e3969913b5c1,domain-ip,,,17986ed2-8280-43c6-8c0a-1888a2086f6e,white,datetime,Bonne,,15/04/2021,
6181159d-d7e0-422f-b7f5-26cc0abe1822,NON-CLASSIFIEES,white,FALSE,[DZ-CERT] Campagnes d'hameçonnage du mode opératoire d'attaquants Nobelium,Bonne,Infrastructure de Commande et de Contrôle,02/11/2021,,"fr-classif:non-classifiees=""NON-CLASSIFIEES"", cossi:TLP=""white"", cossi:RechercheSourceOuverte=""Autorisee"", cossi:fiabilite=""Bonne""",7d667263-5619-48f0-8c67-e3969913b5c1,domain-ip,,,61ba2a71-809f-4690-9945-3f9ca64806a8,white,datetime,Bonne,,24/06/2021,
6181159d-d7e0-422f-b7f5-26cc0abe1822,NON-CLASSIFIEES,white,FALSE,[DZ-CERT] Campagnes d'hameçonnage du mode opératoire d'attaquants Nobelium,Bonne,Infrastructure de Commande et de Contrôle,02/11/2021,,"fr-classif:non-classifiees=""NON-CLASSIFIEES"", cossi:TLP=""white"", cossi:RechercheSourceOuverte=""Autorisee"", cossi:fiabilite=""Bonne""",7d667263-5619-48f0-8c67-e3969913b5c1,domain-ip,,,288068f9-eebc-4541-a6a4-223eaae24311,white,ip-dst,Bonne,"kill-chain:Command and Control, kill-chain:Delivery",83.171.237.173,
6181159d-d7e0-422f-b7f5-26cc0abe1822,NON-CLASSIFIEES,white,FALSE,[DZ-CERT] Campagnes d'hameçonnage du mode opératoire d'attaquants Nobelium,Bonne,Infrastructure de Commande et de Contrôle,02/11/2021,,"fr-classif:non-classifiees=""NON-CLASSIFIEES"", cossi:TLP=""white"", cossi:RechercheSourceOuverte=""Autorisee"", cossi:fiabilite=""Bonne""",7d667263-5619-48f0-8c67-e3969913b5c1,domain-ip,,,42496a42-072d-4bb9-8e58-d25a97e147af,white,domain,Bonne,"kill-chain:Command and Control, kill-chain:Delivery",theyardservice.com,
6181159d-d7e0-422f-b7f5-26cc0abe1822,NON-CLASSIFIEES,white,FALSE,[DZ-CERT] Campagnes d'hameçonnage du mode opératoire d'attaquants Nobelium,Bonne,Infrastructure de Commande et de Contrôle,02/11/2021,,"fr-classif:non-classifiees=""NON-CLASSIFIEES"", cossi:TLP=""white"", cossi:RechercheSourceOuverte=""Autorisee"", cossi:fiabilite=""Bonne""",4a731b21-9535-44ba-a031-49cb3844685b,domain-ip,,,346c448c-7024-4a3c-9ec3-b31fcd37c283,white,datetime,Bonne,,20/04/2021,
6181159d-d7e0-422f-b7f5-26cc0abe1822,NON-CLASSIFIEES,white,FALSE,[DZ-CERT] Campagnes d'hameçonnage du mode opératoire d'attaquants Nobelium,Bonne,Infrastructure de Commande et de Contrôle,02/11/2021,,"fr-classif:non-classifiees=""NON-CLASSIFIEES"", cossi:TLP=""white"", cossi:RechercheSourceOuverte=""Autorisee"", cossi:fiabilite=""Bonne""",4a731b21-9535-44ba-a031-49cb3844685b,domain-ip,,,f37821f1-98c4-44f7-b818-3da4bae3bea3,white,datetime,Bonne,,01/09/2021,
6181159d-d7e0-422f-b7f5-26cc0abe1822,NON-CLASSIFIEES,white,FALSE,[DZ-CERT] Campagnes d'hameçonnage du mode opératoire d'attaquants Nobelium,Bonne,Infrastructure de Commande et de Contrôle,02/11/2021,,"fr-classif:non-classifiees=""NON-CLASSIFIEES"", cossi:TLP=""white"", cossi:RechercheSourceOuverte=""Autorisee"", cossi:fiabilite=""Bonne""",4a731b21-9535-44ba-a031-49cb3844685b,domain-ip,,,e87b792b-27b1-4a9c-a832-9a55fb31fc3d,white,ip-dst,Bonne,"kill-chain:Command and Control, kill-chain:Delivery",37.59.225.51,
6181159d-d7e0-422f-b7f5-26cc0abe1822,NON-CLASSIFIEES,white,FALSE,[DZ-CERT] Campagnes d'hameçonnage du mode opératoire d'attaquants Nobelium,Bonne,Infrastructure de Commande et de Contrôle,02/11/2021,,"fr-classif:non-classifiees=""NON-CLASSIFIEES"", cossi:TLP=""white"", cossi:RechercheSourceOuverte=""Autorisee"", cossi:fiabilite=""Bonne""",4a731b21-9535-44ba-a031-49cb3844685b,domain-ip,,,da69cd92-183d-4a90-af2f-8c6ab901d623,white,domain,Bonne,"kill-chain:Command and Control, kill-chain:Delivery",celebsinformation.com,
6181159d-d7e0-422f-b7f5-26cc0abe1822,NON-CLASSIFIEES,white,FALSE,[DZ-CERT] Campagnes d'hameçonnage du mode opératoire d'attaquants Nobelium,Bonne,Infrastructure de Commande et de Contrôle,02/11/2021,,"fr-classif:non-classifiees=""NON-CLASSIFIEES"", cossi:TLP=""white"", cossi:RechercheSourceOuverte=""Autorisee"", cossi:fiabilite=""Bonne""",4f5a5f32-8def-45ea-b358-97cea364a3ae,domain-ip,,,f6002b98-279f-4294-96f0-c373e2d02a8d,white,datetime,Bonne,,20/02/2021,
6181159d-d7e0-422f-b7f5-26cc0abe1822,NON-CLASSIFIEES,white,FALSE,[DZ-CERT] Campagnes d'hameçonnage du mode opératoire d'attaquants Nobelium,Bonne,Infrastructure de Commande et de Contrôle,02/11/2021,,"fr-classif:non-classifiees=""NON-CLASSIFIEES"", cossi:TLP=""white"", cossi:RechercheSourceOuverte=""Autorisee"", cossi:fiabilite=""Bonne""",4f5a5f32-8def-45ea-b358-97cea364a3ae,domain-ip,,,fb6f85b1-1bc6-4fb2-acbd-ddc4adb88bff,white,datetime,Bonne,,10/06/2021,
6181159d-d7e0-422f-b7f5-26cc0abe1822,NON-CLASSIFIEES,white,FALSE,[DZ-CERT] Campagnes d'hameçonnage du mode opératoire d'attaquants Nobelium,Bonne,Infrastructure de Commande et de Contrôle,02/11/2021,,"fr-classif:non-classifiees=""NON-CLASSIFIEES"", cossi:TLP=""white"", cossi:RechercheSourceOuverte=""Autorisee"", cossi:fiabilite=""Bonne""",4f5a5f32-8def-45ea-b358-97cea364a3ae,domain-ip,,,1c4a1ca6-dc05-4cc1-b50e-89106cc8ce1a,white,ip-dst,Bonne,"kill-chain:Command and Control, kill-chain:Delivery",31.42.177.114,
6181159d-d7e0-422f-b7f5-26cc0abe1822,NON-CLASSIFIEES,white,FALSE,[DZ-CERT] Campagnes d'hameçonnage du mode opératoire d'attaquants Nobelium,Bonne,Infrastructure de Commande et de Contrôle,02/11/2021,,"fr-classif:non-classifiees=""NON-CLASSIFIEES"", cossi:TLP=""white"", cossi:RechercheSourceOuverte=""Autorisee"", cossi:fiabilite=""Bonne""",4f5a5f32-8def-45ea-b358-97cea364a3ae,domain-ip,,,320d3105-1407-4118-868a-becb86fb5900,white,domain,Bonne,"kill-chain:Command and Control, kill-chain:Delivery",dailydews.com,
6181159d-d7e0-422f-b7f5-26cc0abe1822,NON-CLASSIFIEES,white,FALSE,[DZ-CERT] Campagnes d'hameçonnage du mode opératoire d'attaquants Nobelium,Bonne,Infrastructure de Commande et de Contrôle,02/11/2021,,"fr-classif:non-classifiees=""NON-CLASSIFIEES"", cossi:TLP=""white"", cossi:RechercheSourceOuverte=""Autorisee"", cossi:fiabilite=""Bonne""",63d2e15d-291d-494d-98fd-df898902fed6,domain-ip,,,c1e0cba3-3df6-478c-ae62-3cf1d0eaa921,white,datetime,Bonne,,01/06/2021,
6181159d-d7e0-422f-b7f5-26cc0abe1822,NON-CLASSIFIEES,white,FALSE,[DZ-CERT] Campagnes d'hameçonnage du mode opératoire d'attaquants Nobelium,Bonne,Infrastructure de Commande et de Contrôle,02/11/2021,,"fr-classif:non-classifiees=""NON-CLASSIFIEES"", cossi:TLP=""white"", cossi:RechercheSourceOuverte=""Autorisee"", cossi:fiabilite=""Bonne""",63d2e15d-291d-494d-98fd-df898902fed6,domain-ip,,,f3a6ffbc-a3cc-4e54-85c4-ffc613902a2c,white,datetime,Bonne,,15/06/2021,
6181159d-d7e0-422f-b7f5-26cc0abe1822,NON-CLASSIFIEES,white,FALSE,[DZ-CERT] Campagnes d'hameçonnage du mode opératoire d'attaquants Nobelium,Bonne,Infrastructure de Commande et de Contrôle,02/11/2021,,"fr-classif:non-classifiees=""NON-CLASSIFIEES"", cossi:TLP=""white"", cossi:RechercheSourceOuverte=""Autorisee"", cossi:fiabilite=""Bonne""",63d2e15d-291d-494d-98fd-df898902fed6,domain-ip,,,bce01ce4-e28b-4db0-8fb4-27307e069130,white,ip-dst,Bonne,"kill-chain:Command and Control, kill-chain:Delivery",81.17.30.46,
6181159d-d7e0-422f-b7f5-26cc0abe1822,NON-CLASSIFIEES,white,FALSE,[DZ-CERT] Campagnes d'hameçonnage du mode opératoire d'attaquants Nobelium,Bonne,Infrastructure de Commande et de Contrôle,02/11/2021,,"fr-classif:non-classifiees=""NON-CLASSIFIEES"", cossi:TLP=""white"", cossi:RechercheSourceOuverte=""Autorisee"", cossi:fiabilite=""Bonne""",63d2e15d-291d-494d-98fd-df898902fed6,domain-ip,,,3b0a3204-8c57-4d8b-89bd-3f0366866f90,white,domain,Bonne,"kill-chain:Command and Control, kill-chain:Delivery",ideasofbusiness.com,
6181159d-d7e0-422f-b7f5-26cc0abe1822,NON-CLASSIFIEES,white,FALSE,[DZ-CERT] Campagnes d'hameçonnage du mode opératoire d'attaquants Nobelium,Bonne,Infrastructure de Commande et de Contrôle,02/11/2021,,"fr-classif:non-classifiees=""NON-CLASSIFIEES"", cossi:TLP=""white"", cossi:RechercheSourceOuverte=""Autorisee"", cossi:fiabilite=""Bonne""",57a89186-cf43-47bd-9c2c-29fbbb0850d1,domain-ip,,,683631b7-1a1c-46d4-b31b-10bf1a7d5247,white,datetime,Bonne,,15/02/2021,
6181159d-d7e0-422f-b7f5-26cc0abe1822,NON-CLASSIFIEES,white,FALSE,[DZ-CERT] Campagnes d'hameçonnage du mode opératoire d'attaquants Nobelium,Bonne,Infrastructure de Commande et de Contrôle,02/11/2021,,"fr-classif:non-classifiees=""NON-CLASSIFIEES"", cossi:TLP=""white"", cossi:RechercheSourceOuverte=""Autorisee"", cossi:fiabilite=""Bonne""",57a89186-cf43-47bd-9c2c-29fbbb0850d1,domain-ip,,,8b0a4646-a735-43d4-babb-28432d2e8209,white,datetime,Bonne,,15/08/2021,
6181159d-d7e0-422f-b7f5-26cc0abe1822,NON-CLASSIFIEES,white,FALSE,[DZ-CERT] Campagnes d'hameçonnage du mode opératoire d'attaquants Nobelium,Bonne,Infrastructure de Commande et de Contrôle,02/11/2021,,"fr-classif:non-classifiees=""NON-CLASSIFIEES"", cossi:TLP=""white"", cossi:RechercheSourceOuverte=""Autorisee"", cossi:fiabilite=""Bonne""",57a89186-cf43-47bd-9c2c-29fbbb0850d1,domain-ip,,,dce44fdf-28d4-45bc-be11-1feaf1b8d869,white,ip-dst,Bonne,"kill-chain:Command and Control, kill-chain:Delivery",79.143.87.166,
6181159d-d7e0-422f-b7f5-26cc0abe1822,NON-CLASSIFIEES,white,FALSE,[DZ-CERT] Campagnes d'hameçonnage du mode opératoire d'attaquants Nobelium,Bonne,Infrastructure de Commande et de Contrôle,02/11/2021,,"fr-classif:non-classifiees=""NON-CLASSIFIEES"", cossi:TLP=""white"", cossi:RechercheSourceOuverte=""Autorisee"", cossi:fiabilite=""Bonne""",57a89186-cf43-47bd-9c2c-29fbbb0850d1,domain-ip,,,c860fcbb-c944-40a3-ba64-0b8b8f823b94,white,domain,Bonne,"kill-chain:Command and Control, kill-chain:Delivery",newminigolf.com,
6181159d-d7e0-422f-b7f5-26cc0abe1822,NON-CLASSIFIEES,white,FALSE,[DZ-CERT] Campagnes d'hameçonnage du mode opératoire d'attaquants Nobelium,Bonne,Infrastructure de Commande et de Contrôle,02/11/2021,,"fr-classif:non-classifiees=""NON-CLASSIFIEES"", cossi:TLP=""white"", cossi:RechercheSourceOuverte=""Autorisee"", cossi:fiabilite=""Bonne""",19eb5793-3293-42bf-baa0-4f3575d7acbf,domain-ip,,,7c3d3695-9dec-4b7e-a3ef-f47b48ae2294,white,datetime,Bonne,,15/06/2021,
6181159d-d7e0-422f-b7f5-26cc0abe1822,NON-CLASSIFIEES,white,FALSE,[DZ-CERT] Campagnes d'hameçonnage du mode opératoire d'attaquants Nobelium,Bonne,Infrastructure de Commande et de Contrôle,02/11/2021,,"fr-classif:non-classifiees=""NON-CLASSIFIEES"", cossi:TLP=""white"", cossi:RechercheSourceOuverte=""Autorisee"", cossi:fiabilite=""Bonne""",19eb5793-3293-42bf-baa0-4f3575d7acbf,domain-ip,,,45b462d2-2ae2-44ba-bf02-8cc199e7f744,white,datetime,Bonne,,25/10/2021,
6181159d-d7e0-422f-b7f5-26cc0abe1822,NON-CLASSIFIEES,white,FALSE,[DZ-CERT] Campagnes d'hameçonnage du mode opératoire d'attaquants Nobelium,Bonne,Infrastructure de Commande et de Contrôle,02/11/2021,,"fr-classif:non-classifiees=""NON-CLASSIFIEES"", cossi:TLP=""white"", cossi:RechercheSourceOuverte=""Autorisee"", cossi:fiabilite=""Bonne""",19eb5793-3293-42bf-baa0-4f3575d7acbf,domain-ip,,,4b1295c5-b6a6-46a1-875e-3e57c6123893,white,ip-dst,Bonne,"kill-chain:Command and Control, kill-chain:Delivery",51.89.50.153,
6181159d-d7e0-422f-b7f5-26cc0abe1822,NON-CLASSIFIEES,white,FALSE,[DZ-CERT] Campagnes d'hameçonnage du mode opératoire d'attaquants Nobelium,Bonne,Infrastructure de Commande et de Contrôle,02/11/2021,,"fr-classif:non-classifiees=""NON-CLASSIFIEES"", cossi:TLP=""white"", cossi:RechercheSourceOuverte=""Autorisee"", cossi:fiabilite=""Bonne""",19eb5793-3293-42bf-baa0-4f3575d7acbf,domain-ip,,,a13be87c-e242-40b6-b486-a65203128170,white,domain,Bonne,"kill-chain:Command and Control, kill-chain:Delivery",rchosts.com,
6181159d-d7e0-422f-b7f5-26cc0abe1822,NON-CLASSIFIEES,white,FALSE,[DZ-CERT] Campagnes d'hameçonnage du mode opératoire d'attaquants Nobelium,Bonne,Infrastructure de Commande et de Contrôle,02/11/2021,,"fr-classif:non-classifiees=""NON-CLASSIFIEES"", cossi:TLP=""white"", cossi:RechercheSourceOuverte=""Autorisee"", cossi:fiabilite=""Bonne""",59f80dc9-cb68-42cb-aa2d-a50a664a6530,domain-ip,,,0ddd41ce-e41f-4b90-97da-f98276831f61,white,datetime,Bonne,,20/02/2021,
6181159d-d7e0-422f-b7f5-26cc0abe1822,NON-CLASSIFIEES,white,FALSE,[DZ-CERT] Campagnes d'hameçonnage du mode opératoire d'attaquants Nobelium,Bonne,Infrastructure de Commande et de Contrôle,02/11/2021,,"fr-classif:non-classifiees=""NON-CLASSIFIEES"", cossi:TLP=""white"", cossi:RechercheSourceOuverte=""Autorisee"", cossi:fiabilite=""Bonne""",59f80dc9-cb68-42cb-aa2d-a50a664a6530,domain-ip,,,218ff801-f9df-44ea-918e-06ffa35c3ad2,white,datetime,Bonne,,15/03/2021,
6181159d-d7e0-422f-b7f5-26cc0abe1822,NON-CLASSIFIEES,white,FALSE,[DZ-CERT] Campagnes d'hameçonnage du mode opératoire d'attaquants Nobelium,Bonne,Infrastructure de Commande et de Contrôle,02/11/2021,,"fr-classif:non-classifiees=""NON-CLASSIFIEES"", cossi:TLP=""white"", cossi:RechercheSourceOuverte=""Autorisee"", cossi:fiabilite=""Bonne""",59f80dc9-cb68-42cb-aa2d-a50a664a6530,domain-ip,,,241bf609-b558-4e90-8ef5-45951afe7daa,white,ip-dst,Bonne,"kill-chain:Command and Control, kill-chain:Delivery",51.254.241.158,
6181159d-d7e0-422f-b7f5-26cc0abe1822,NON-CLASSIFIEES,white,FALSE,[DZ-CERT] Campagnes d'hameçonnage du mode opératoire d'attaquants Nobelium,Bonne,Infrastructure de Commande et de Contrôle,02/11/2021,,"fr-classif:non-classifiees=""NON-CLASSIFIEES"", cossi:TLP=""white"", cossi:RechercheSourceOuverte=""Autorisee"", cossi:fiabilite=""Bonne""",59f80dc9-cb68-42cb-aa2d-a50a664a6530,domain-ip,,,d15460f1-1323-4e7a-9f22-1cc8dd1a0715,white,domain,Bonne,"kill-chain:Command and Control, kill-chain:Delivery",stockmarketon.com,
6181159d-d7e0-422f-b7f5-26cc0abe1822,NON-CLASSIFIEES,white,FALSE,[DZ-CERT] Campagnes d'hameçonnage du mode opératoire d'attaquants Nobelium,Bonne,Infrastructure de Commande et de Contrôle,02/11/2021,,"fr-classif:non-classifiees=""NON-CLASSIFIEES"", cossi:TLP=""white"", cossi:RechercheSourceOuverte=""Autorisee"", cossi:fiabilite=""Bonne""",13232130-5088-4c44-a14b-c9762fa91e58,domain-ip,,,239afbd1-597b-4bdd-a416-c3875e085ff2,white,datetime,Bonne,,10/03/2021,
6181159d-d7e0-422f-b7f5-26cc0abe1822,NON-CLASSIFIEES,white,FALSE,[DZ-CERT] Campagnes d'hameçonnage du mode opératoire d'attaquants Nobelium,Bonne,Infrastructure de Commande et de Contrôle,02/11/2021,,"fr-classif:non-classifiees=""NON-CLASSIFIEES"", cossi:TLP=""white"", cossi:RechercheSourceOuverte=""Autorisee"", cossi:fiabilite=""Bonne""",13232130-5088-4c44-a14b-c9762fa91e58,domain-ip,,,77ba8e51-99d6-411d-861b-314e6b9adff7,white,datetime,Bonne,,05/09/2021,
6181159d-d7e0-422f-b7f5-26cc0abe1822,NON-CLASSIFIEES,white,FALSE,[DZ-CERT] Campagnes d'hameçonnage du mode opératoire d'attaquants Nobelium,Bonne,Infrastructure de Commande et de Contrôle,02/11/2021,,"fr-classif:non-classifiees=""NON-CLASSIFIEES"", cossi:TLP=""white"", cossi:RechercheSourceOuverte=""Autorisee"", cossi:fiabilite=""Bonne""",13232130-5088-4c44-a14b-c9762fa91e58,domain-ip,,,e0ff4181-53a6-497e-a92b-49813c1715da,white,ip-dst,Bonne,"kill-chain:Command and Control, kill-chain:Delivery",91.234.254.144,
6181159d-d7e0-422f-b7f5-26cc0abe1822,NON-CLASSIFIEES,white,FALSE,[DZ-CERT] Campagnes d'hameçonnage du mode opératoire d'attaquants Nobelium,Bonne,Infrastructure de Commande et de Contrôle,02/11/2021,,"fr-classif:non-classifiees=""NON-CLASSIFIEES"", cossi:TLP=""white"", cossi:RechercheSourceOuverte=""Autorisee"", cossi:fiabilite=""Bonne""",13232130-5088-4c44-a14b-c9762fa91e58,domain-ip,,,e46c658a-dbcd-4ab2-81e4-4146278343db,white,domain,Bonne,"kill-chain:Command and Control, kill-chain:Delivery",stonecrestnews.com,
6181159d-d7e0-422f-b7f5-26cc0abe1822,NON-CLASSIFIEES,white,FALSE,[DZ-CERT] Campagnes d'hameçonnage du mode opératoire d'attaquants Nobelium,Bonne,Infrastructure de Commande et de Contrôle,02/11/2021,,"fr-classif:non-classifiees=""NON-CLASSIFIEES"", cossi:TLP=""white"", cossi:RechercheSourceOuverte=""Autorisee"", cossi:fiabilite=""Bonne""",e5e89737-d90a-40fc-a679-6b4a8c7e2463,domain-ip,,,5dea6365-492e-4d68-81be-753b5ed9e678,white,datetime,Bonne,,01/05/2021,
6181159d-d7e0-422f-b7f5-26cc0abe1822,NON-CLASSIFIEES,white,FALSE,[DZ-CERT] Campagnes d'hameçonnage du mode opératoire d'attaquants Nobelium,Bonne,Infrastructure de Commande et de Contrôle,02/11/2021,,"fr-classif:non-classifiees=""NON-CLASSIFIEES"", cossi:TLP=""white"", cossi:RechercheSourceOuverte=""Autorisee"", cossi:fiabilite=""Bonne""",e5e89737-d90a-40fc-a679-6b4a8c7e2463,domain-ip,,,942ee708-a0d6-41e3-954a-cb81f7d2302d,white,datetime,Bonne,,25/09/2021,
6181159d-d7e0-422f-b7f5-26cc0abe1822,NON-CLASSIFIEES,white,FALSE,[DZ-CERT] Campagnes d'hameçonnage du mode opératoire d'attaquants Nobelium,Bonne,Infrastructure de Commande et de Contrôle,02/11/2021,,"fr-classif:non-classifiees=""NON-CLASSIFIEES"", cossi:TLP=""white"", cossi:RechercheSourceOuverte=""Autorisee"", cossi:fiabilite=""Bonne""",e5e89737-d90a-40fc-a679-6b4a8c7e2463,domain-ip,,,507fa69d-3220-4e0d-8352-ab42e7887f96,white,ip-dst,Bonne,"kill-chain:Command and Control, kill-chain:Delivery",194.135.81.18,
6181159d-d7e0-422f-b7f5-26cc0abe1822,NON-CLASSIFIEES,white,FALSE,[DZ-CERT] Campagnes d'hameçonnage du mode opératoire d'attaquants Nobelium,Bonne,Infrastructure de Commande et de Contrôle,02/11/2021,,"fr-classif:non-classifiees=""NON-CLASSIFIEES"", cossi:TLP=""white"", cossi:RechercheSourceOuverte=""Autorisee"", cossi:fiabilite=""Bonne""",e5e89737-d90a-40fc-a679-6b4a8c7e2463,domain-ip,,,1b1df484-6b15-4ea0-920e-f140b8983549,white,domain,Bonne,"kill-chain:Command and Control, kill-chain:Delivery",teachingdrive.com,
6181159d-d7e0-422f-b7f5-26cc0abe1822,NON-CLASSIFIEES,white,FALSE,[DZ-CERT] Campagnes d'hameçonnage du mode opératoire d'attaquants Nobelium,Bonne,Infrastructure de Commande et de Contrôle,02/11/2021,,"fr-classif:non-classifiees=""NON-CLASSIFIEES"", cossi:TLP=""white"", cossi:RechercheSourceOuverte=""Autorisee"", cossi:fiabilite=""Bonne""",5756b49f-8978-4733-96fb-f1258c013369,domain-ip,,,49ece1eb-736b-43ad-8dfa-3b9ef4a50106,white,datetime,Bonne,,15/03/2021,
6181159d-d7e0-422f-b7f5-26cc0abe1822,NON-CLASSIFIEES,white,FALSE,[DZ-CERT] Campagnes d'hameçonnage du mode opératoire d'attaquants Nobelium,Bonne,Infrastructure de Commande et de Contrôle,02/11/2021,,"fr-classif:non-classifiees=""NON-CLASSIFIEES"", cossi:TLP=""white"", cossi:RechercheSourceOuverte=""Autorisee"", cossi:fiabilite=""Bonne""",5756b49f-8978-4733-96fb-f1258c013369,domain-ip,,,de098062-74c4-422f-a899-f317d748f3f1,white,datetime,Bonne,,04/06/2021,
6181159d-d7e0-422f-b7f5-26cc0abe1822,NON-CLASSIFIEES,white,FALSE,[DZ-CERT] Campagnes d'hameçonnage du mode opératoire d'attaquants Nobelium,Bonne,Infrastructure de Commande et de Contrôle,02/11/2021,,"fr-classif:non-classifiees=""NON-CLASSIFIEES"", cossi:TLP=""white"", cossi:RechercheSourceOuverte=""Autorisee"", cossi:fiabilite=""Bonne""",5756b49f-8978-4733-96fb-f1258c013369,domain-ip,,,24b5ca52-2505-4f2b-8a77-7a03346b9004,white,ip-dst,Bonne,"kill-chain:Command and Control, kill-chain:Delivery",185.158.250.239,
6181159d-d7e0-422f-b7f5-26cc0abe1822,NON-CLASSIFIEES,white,FALSE,[DZ-CERT] Campagnes d'hameçonnage du mode opératoire d'attaquants Nobelium,Bonne,Infrastructure de Commande et de Contrôle,02/11/2021,,"fr-classif:non-classifiees=""NON-CLASSIFIEES"", cossi:TLP=""white"", cossi:RechercheSourceOuverte=""Autorisee"", cossi:fiabilite=""Bonne""",5756b49f-8978-4733-96fb-f1258c013369,domain-ip,,,0fe725c2-1c98-4db5-bdb5-246191818ee8,white,domain,Bonne,"kill-chain:Command and Control, kill-chain:Delivery",newstepsco.com,
6181159d-d7e0-422f-b7f5-26cc0abe1822,NON-CLASSIFIEES,white,FALSE,[DZ-CERT] Campagnes d'hameçonnage du mode opératoire d'attaquants Nobelium,Bonne,Infrastructure de Commande et de Contrôle,02/11/2021,,"fr-classif:non-classifiees=""NON-CLASSIFIEES"", cossi:TLP=""white"", cossi:RechercheSourceOuverte=""Autorisee"", cossi:fiabilite=""Bonne""",f44a0497-e022-4713-8948-f73bce2d5b2c,domain-ip,,,c6f10de3-a114-4952-bc1a-e1c7516e2b99,white,datetime,Bonne,,25/02/2021,
6181159d-d7e0-422f-b7f5-26cc0abe1822,NON-CLASSIFIEES,white,FALSE,[DZ-CERT] Campagnes d'hameçonnage du mode opératoire d'attaquants Nobelium,Bonne,Infrastructure de Commande et de Contrôle,02/11/2021,,"fr-classif:non-classifiees=""NON-CLASSIFIEES"", cossi:TLP=""white"", cossi:RechercheSourceOuverte=""Autorisee"", cossi:fiabilite=""Bonne""",f44a0497-e022-4713-8948-f73bce2d5b2c,domain-ip,,,a2768f2c-6ad1-47de-ae9a-dd3153406e2f,white,datetime,Bonne,,10/06/2021,
6181159d-d7e0-422f-b7f5-26cc0abe1822,NON-CLASSIFIEES,white,FALSE,[DZ-CERT] Campagnes d'hameçonnage du mode opératoire d'attaquants Nobelium,Bonne,Infrastructure de Commande et de Contrôle,02/11/2021,,"fr-classif:non-classifiees=""NON-CLASSIFIEES"", cossi:TLP=""white"", cossi:RechercheSourceOuverte=""Autorisee"", cossi:fiabilite=""Bonne""",f44a0497-e022-4713-8948-f73bce2d5b2c,domain-ip,,,82f2b29c-b8c5-4ff8-97db-d791c0e11a6a,white,ip-dst,Bonne,"kill-chain:Command and Control, kill-chain:Delivery",195.206.181.169,
6181159d-d7e0-422f-b7f5-26cc0abe1822,NON-CLASSIFIEES,white,FALSE,[DZ-CERT] Campagnes d'hameçonnage du mode opératoire d'attaquants Nobelium,Bonne,Infrastructure de Commande et de Contrôle,02/11/2021,,"fr-classif:non-classifiees=""NON-CLASSIFIEES"", cossi:TLP=""white"", cossi:RechercheSourceOuverte=""Autorisee"", cossi:fiabilite=""Bonne""",f44a0497-e022-4713-8948-f73bce2d5b2c,domain-ip,,,716b252c-54d8-4dba-b495-08742ce263b3,white,domain,Bonne,"kill-chain:Command and Control, kill-chain:Delivery",tacomanewspaper.com,
